external_id,topic_slug,type,status,content_vi,explanation_vi,content_en,explanation_en,media_ids,option_1_label,option_1_content_vi,option_1_content_en,option_1_match_vi,option_1_match_en,option_1_correct,option_2_label,option_2_content_vi,option_2_content_en,option_2_match_vi,option_2_match_en,option_2_correct,option_3_label,option_3_content_vi,option_3_content_en,option_3_match_vi,option_3_match_en,option_3_correct,option_4_label,option_4_content_vi,option_4_content_en,option_4_match_vi,option_4_match_en,option_4_correct,option_5_label,option_5_content_vi,option_5_content_en,option_5_match_vi,option_5_match_en,option_5_correct,option_6_label,option_6_content_vi,option_6_content_en,option_6_match_vi,option_6_match_en,option_6_correct,option_7_label,option_7_content_vi,option_7_content_en,option_7_match_vi,option_7_match_en,option_7_correct,option_8_label,option_8_content_vi,option_8_content_en,option_8_match_vi,option_8_match_en,option_8_correct,option_9_label,option_9_content_vi,option_9_content_en,option_9_match_vi,option_9_match_en,option_9_correct,option_10_label,option_10_content_vi,option_10_content_en,option_10_match_vi,option_10_match_en,option_10_correct,option_11_label,option_11_content_vi,option_11_content_en,option_11_match_vi,option_11_match_en,option_11_correct,option_12_label,option_12_content_vi,option_12_content_en,option_12_match_vi,option_12_match_en,option_12_correct,option_13_label,option_13_content_vi,option_13_content_en,option_13_match_vi,option_13_match_en,option_13_correct,option_14_label,option_14_content_vi,option_14_content_en,option_14_match_vi,option_14_match_en,option_14_correct,option_15_label,option_15_content_vi,option_15_content_en,option_15_match_vi,option_15_match_en,option_15_correct,option_16_label,option_16_content_vi,option_16_content_en,option_16_match_vi,option_16_match_en,option_16_correct,option_17_label,option_17_content_vi,option_17_content_en,option_17_match_vi,option_17_match_en,option_17_correct,option_18_label,option_18_content_vi,option_18_content_en,option_18_match_vi,option_18_match_en,option_18_correct,option_19_label,option_19_content_vi,option_19_content_en,option_19_match_vi,option_19_match_en,option_19_correct,option_20_label,option_20_content_vi,option_20_content_en,option_20_match_vi,option_20_match_en,option_20_correct
c3d56700-e39f-46f0-bb23-599a1bd8d64a,pmp-people,SINGLE_CHOICE,DRAFT,,,"An agile project is facing resistance from several stakeholder groups. Some stakeholders question the frequent changes, and others express confusion about the project vision. The project manager is concerned that stakeholder misalignment may threaten collaboration and impact the overall project success. What should the project manager do?",,,A,,A.Ask the sponsor to hold a stakeholder presentation to clarify the vision and reduce resistance.,,,FALSE,B,,B.Facilitate backlog refinement workshops to show how changes support project objectives.,,,FALSE,C,,C.Perform a stakeholder analysis and reinforce the vision based on engagement strategies.,,,TRUE,D,,D.Organize risk sessions to capture threats that arise from stakeholder disagreements.,,,FALSE,,,,,,,,,,,,,,,,,,,,,,,,,,,,,,,,,,,,,,,,,,,,,,,,,,,,,,,,,,,,,,,,,,,,,,,,,,,,,,,,,,,,,,,,,,,,,,,,
7f6b3938-7b4e-497b-8b43-58e56e04e4e8,pmp-people,SINGLE_CHOICE,DRAFT,,,"The project manager of a large initiative observes that several key stakeholders frequently miss the daily coordination meetings. The stakeholders explain that they do not see the value of attending daily meetings and prefer to receive weekly updates instead. This lack of engagement is delaying decisions, creating schedule risks, and lowering team morale. What should the project manager do first?",,,A,,A.Adjust the meeting cadence to weekly updates in response to stakeholder preferences.,,,FALSE,B,,B.Require relevant stakeholders to attend targeted coaching sessions on the value of participation.,,,TRUE,C,,C.Offer alternative mechanisms such as recorded sessions and asynchronous collaboration tools.,,,FALSE,D,,D.Establish stricter participation requirements through governance and formal training programs.,,,FALSE,,,,,,,,,,,,,,,,,,,,,,,,,,,,,,,,,,,,,,,,,,,,,,,,,,,,,,,,,,,,,,,,,,,,,,,,,,,,,,,,,,,,,,,,,,,,,,,,
7562259c-ed57-4704-9fa9-7ba18b2aac04,pmp-people,SINGLE_CHOICE,DRAFT,,,"A software development team is creating a new customer relationship management (CRM) system. The project sponsor expects the system to be fully operational within six months, with all features included as initially discussed. However, the project team, based on their analysis, estimates that it will take at least nine months to deliver a fully functional system with all the desired features. What should the project manager do to ensure alignment?",,,A,,A.Meet with the sponsor and the team separately to determine which projection is more realistic.,,,FALSE,B,,B.Discuss the reasons for the discrepancy with both stakeholders and develop a realistic timeline.,,,TRUE,C,,C.Give both parties a detailed project plan that explains the project’s constraints and challenges.,,,FALSE,D,,D.Work with the sponsor to adjust the sponsor’s expectations and agree on a feasible timeline.,,,FALSE,,,,,,,,,,,,,,,,,,,,,,,,,,,,,,,,,,,,,,,,,,,,,,,,,,,,,,,,,,,,,,,,,,,,,,,,,,,,,,,,,,,,,,,,,,,,,,,,
d433ce34-60a6-4d6b-a5d7-0003f3ca8a29,pmp-people,SINGLE_CHOICE,DRAFT,,,"A senior team member was highly influential and played a critical role in previous projects. In the current project, their responsibilities are more limited, and they appear disengaged and less motivated. The project manager is concerned that this may affect team morale and overall performance. What should the project manager do to address this situation?",,,A,,A.Hold a team discussion to explore ideas for increasing engagement and motivation.,,,FALSE,B,,B.Offer targeted incentives to encourage higher motivation and stronger commitment.,,,FALSE,C,,C.Request the functional manager to discuss role expectations with the team member.,,,FALSE,D,,D.Schedule a one-on-one conversation to understand concerns and explore ways to re-engage.,,,TRUE,,,,,,,,,,,,,,,,,,,,,,,,,,,,,,,,,,,,,,,,,,,,,,,,,,,,,,,,,,,,,,,,,,,,,,,,,,,,,,,,,,,,,,,,,,,,,,,,
47e72e95-e9e6-4053-b291-5fd481ce68d1,pmp-people,SINGLE_CHOICE,DRAFT,,,"An agile team member with strong technical skills but limited domain expertise is consistently struggling with complex user stories requiring deep business knowledge. The team member's velocity is declining, affecting sprint commitments. Other team members are compensating by taking on additional work, creating potential burnout risks. The product owner is concerned about story quality and acceptance criteria understanding. What should the agile project manager do to address this situation sustainably?",,,A,,A.Implement pair programming sessions between the struggling member and experienced teammates.,,,FALSE,B,,B.Arrange formal domain training while temporarily redistributing complex stories.,,,FALSE,C,,C.Facilitate knowledge sharing sessions where stakeholders explain domain concepts.,,,FALSE,D,,D.Adjust story complexity assignments based on expertise while developing cross-training plans.,,,TRUE,,,,,,,,,,,,,,,,,,,,,,,,,,,,,,,,,,,,,,,,,,,,,,,,,,,,,,,,,,,,,,,,,,,,,,,,,,,,,,,,,,,,,,,,,,,,,,,,
c66d908c-ea22-47a3-98dd-611853e6b87b,pmp-people,MULTIPLE_CHOICE,DRAFT,,,"An auto manufacturer is enhancing their flagship electric vehicle line. During the planning phase, new environmental policies are announced that require stricter emissions reporting. Market research reveals strong customer demand for an extended battery range. The engineering team argues that addressing both changes will exceed cost and schedule baselines. The sponsor insists the product vision must stay strategically relevant and compliant. What should the project manager do? (Choose 2)",,,A,,A.Facilitate executive workshops to rewrite the corporate strategy and adjust long-term organizational objectives.,,,FALSE,B,,B.Conduct a comprehensive market and regulatory analysis to determine implications for project vision alignment.,,,TRUE,C,,C.Update earned value forecasts to calculate potential cost and schedule impacts from redesign work.,,,FALSE,D,,D.Collect and analyze customer feedback to validate which product changes align with evolving expectations.,,,TRUE,E,,E.Submit a change request to expand the scope and implement compliance and design modifications.,,,FALSE,,,,,,,,,,,,,,,,,,,,,,,,,,,,,,,,,,,,,,,,,,,,,,,,,,,,,,,,,,,,,,,,,,,,,,,,,,,,,,,,,,,,,,,,,,
762322ac-edae-43e1-85c3-1155507759e7,pmp-people,SINGLE_CHOICE,DRAFT,,,"A multinational financial institution is initiating a digital transformation program. During early planning workshops, executive stakeholders are in disagreement. Some demand rapid rollout of customer-facing features to capture market share. Others insist on delaying the program's release until advanced security controls are fully validated. The sponsor stresses that a single approach must be established to avoid conflicting baselines and costly mid-project disputes. What should the project manager do?",,,A,,A.Facilitate structured stakeholder workshops to reconcile conflicting priorities and document an approved shared vision.,,,TRUE,B,,B.Record each stakeholder’s preferred priorities separately within the draft plan to ensure equal representation.,,,FALSE,C,,C.Prepare impact analyses that reflect the vision of both sets of stakeholders and ask the sponsor to choose the better plan.,,,FALSE,D,,D.Define project baselines and a detailed scope according to the stakeholders' preference for rapid rollout.,,,FALSE,,,,,,,,,,,,,,,,,,,,,,,,,,,,,,,,,,,,,,,,,,,,,,,,,,,,,,,,,,,,,,,,,,,,,,,,,,,,,,,,,,,,,,,,,,,,,,,,
0281d677-d6ec-4739-99f3-1e9490a13a5c,pmp-people,SINGLE_CHOICE,DRAFT,,,"During a multidisciplinary project, a project manager learns that there are many conflicts about design among team members from different disciplines. What should the project manager do to ensure the smooth delivery of the project?",,,A,,A.Identify the matter as a risk and check available budget reserves.,,,FALSE,B,,B.Ensure that the project sponsor is aware of the current situation.,,,FALSE,C,,C.Escalate to functional managers and seek resolution.,,,FALSE,D,,D.Facilitate team discussions to achieve the desired results.,,,TRUE,,,,,,,,,,,,,,,,,,,,,,,,,,,,,,,,,,,,,,,,,,,,,,,,,,,,,,,,,,,,,,,,,,,,,,,,,,,,,,,,,,,,,,,,,,,,,,,,
727e2c01-aa45-495d-a9e8-2292957659e5,pmp-people,SINGLE_CHOICE,DRAFT,,,"A project manager is assigned to a new strategic initiative with multiple high-level stakeholders from different departments. Each stakeholder has provided their expectations for the project, but the project manager identifies several conflicts between scope priorities, delivery timelines, and success criteria. Without alignment, the project risks delays and dissatisfaction from key stakeholders. What should the project manager do?",,,A,,A.Facilitate a collaborative session with stakeholders to discuss and resolve conflicting expectations.,,,TRUE,B,,B.Engage the sponsor to help mediate conflicts and establish agreed project priorities.,,,FALSE,C,,C.Update the stakeholder register and document all expectations for transparency.,,,FALSE,D,,D.Analyze each expectation against project objectives and propose a prioritization framework.,,,FALSE,,,,,,,,,,,,,,,,,,,,,,,,,,,,,,,,,,,,,,,,,,,,,,,,,,,,,,,,,,,,,,,,,,,,,,,,,,,,,,,,,,,,,,,,,,,,,,,,
72164733-b2e2-46dd-a246-f76698eb649b,pmp-people,SINGLE_CHOICE,DRAFT,,,A company is expanding its shipping services. This expansion will extend support into an unfamiliar regional market. The project manager needs to align and maintain the project outcomes with both internal and external stakeholder expectations. What should the project manager do?,,,A,,A.Apply a waterfall approach to ensure that the project complies with all regulatory requirements and governmental specifications.,,,FALSE,B,,B.Experiment with project specifications to ensure the deliverables meet and exceed the project’s objectives.,,,FALSE,C,,C.Differentiate between the roles and responsibilities of internal and external stakeholders to ensure consistent expectations.,,,FALSE,D,,D.Implement a quality-driven approach to address stakeholders' expectations and ensure their standards are met.,,,TRUE,,,,,,,,,,,,,,,,,,,,,,,,,,,,,,,,,,,,,,,,,,,,,,,,,,,,,,,,,,,,,,,,,,,,,,,,,,,,,,,,,,,,,,,,,,,,,,,,
b1d03a3a-32b4-4236-942a-88c1be67c502,pmp-people,SINGLE_CHOICE,DRAFT,,,"During execution of a multi-stakeholder healthcare IT program, the customer’s project manager resigns without a transition plan. Several stakeholder groups stop receiving project updates, and early signs of misalignment begin to appear. The internal project manager confirms that the stakeholder register and communication channels are no longer valid. What should the project manager do?",,,A,,"A.Analyze stakeholder impact, revise the communication strategy, and update the communications plan.",,,TRUE,B,,B.Escalate the issue to the sponsor and request guidance on how to proceed with stakeholder engagement.,,,FALSE,C,,C.Revert to direct email communications with the affected stakeholders until a new project contact is assigned.,,,FALSE,D,,D.Conduct an emergency status meeting with the customer’s leadership to re-establish communication pathways.,,,FALSE,,,,,,,,,,,,,,,,,,,,,,,,,,,,,,,,,,,,,,,,,,,,,,,,,,,,,,,,,,,,,,,,,,,,,,,,,,,,,,,,,,,,,,,,,,,,,,,,
821c4773-d3a8-4290-8824-c767e1a59993,pmp-people,SINGLE_CHOICE,DRAFT,,,"A strategic project has been progressing successfully with established communication protocols. A key stakeholder who previously received regular updates suddenly calls to complain about lack of progress visibility. Upon investigation, the project manager discovers this stakeholder recently changed roles and now requires different information types and frequency than originally planned. Other stakeholders are satisfied with current communications, but this stakeholder's new position gives them significant influence over project funding decisions. What should the project manager do to address this situation effectively?",,,A,,A.Conduct stakeholder analysis to assess the impact of the role change on communication needs.,,,TRUE,B,,B.Review and update the communications management plan to reflect new stakeholder requirements.,,,FALSE,C,,C.Schedule individual meetings with the stakeholder to understand their new information needs.,,,FALSE,D,,D.Evaluate current communication effectiveness across all stakeholders before making changes.,,,FALSE,,,,,,,,,,,,,,,,,,,,,,,,,,,,,,,,,,,,,,,,,,,,,,,,,,,,,,,,,,,,,,,,,,,,,,,,,,,,,,,,,,,,,,,,,,,,,,,,
d64200fe-4dc6-41f4-91ba-a6d9b8b2dd4a,pmp-people,SINGLE_CHOICE,DRAFT,,,"A marketing firm is executing a multi-channel campaign with critical interdependencies. Midway through the project, poor communication between messaging and operations departments results in duplication, schedule slippage, and inconsistent outputs that fall outside the tolerances defined in the project management plan. Several stakeholders are pressing for an immediate resolution. What should the project manager do?",,,A,,A.Establish governance checkpoints requiring escalation of unresolved interdepartmental communication issues.,,,TRUE,B,,B.Develop a comprehensive dependency matrix to analyze project linkages and highlight critical coordination risks.,,,FALSE,C,,"C.Work with the teams from the two departments to clarify tasks, responsibilities, and reporting channels.",,,FALSE,D,,"D.Implement a formal communications management plan defining cadence, content, methods, and ownership.",,,FALSE,,,,,,,,,,,,,,,,,,,,,,,,,,,,,,,,,,,,,,,,,,,,,,,,,,,,,,,,,,,,,,,,,,,,,,,,,,,,,,,,,,,,,,,,,,,,,,,,
78b40c39-7096-4f9f-9385-39a3db143942,pmp-people,MULTIPLE_CHOICE,DRAFT,,,"A project manager is notified that the steering committee will be conducting a formal review of a project to ensure the project is adhering to the statement of work. When the project manager notifies the customer that the audit is scheduled, the customer responds negatively, believing the audit is a punitive measure. Which two options should the project manager adopt to ensure the customer's buy-in? (Choose 2)",,,A,,A.Facilitate a meeting between the steering committee and the customer to alleviate concerns.,,,FALSE,B,,B.Inform the customer about the way audit results will be used to reward team performance.,,,FALSE,C,,C.Share with the customer a chart that measures the project's projected return on investment (ROI).,,,FALSE,D,,D.Help the customer understand the value of ensuring that project standards are being met.,,,TRUE,E,,E. Explain that the audit will help improve future project performance and outcomes.,,,TRUE,,,,,,,,,,,,,,,,,,,,,,,,,,,,,,,,,,,,,,,,,,,,,,,,,,,,,,,,,,,,,,,,,,,,,,,,,,,,,,,,,,,,,,,,,,
e19f246e-0ec4-4fa2-ba6b-2c5492f44eb2,pmp-people,SINGLE_CHOICE,DRAFT,,,"During a software development project, the team discovers that several features do not meet quality expectations. After being asked to resolve the issues, a developer expresses frustration, arguing that unclear requirements are to blame. Other team members point to insufficient testing, while testers claim poor code quality is the root cause. What should the project manager do to address this situation?",,,A,,A.Support the team in a retrospective to collaboratively identify the root cause of quality issues.,,,TRUE,B,,"B.Remove the frustrated team member, as their behavior is negatively affecting morale.",,,FALSE,C,,C.Conduct quality reviews at each phase of the development cycle to locate quality failures.,,,FALSE,D,,D.Escalate the issue to management to explore ways to improve quality processes.,,,FALSE,,,,,,,,,,,,,,,,,,,,,,,,,,,,,,,,,,,,,,,,,,,,,,,,,,,,,,,,,,,,,,,,,,,,,,,,,,,,,,,,,,,,,,,,,,,,,,,,
990ce3c0-c6d1-4781-969d-7b782a6057af,pmp-people,SINGLE_CHOICE,DRAFT,,,"An engineering team is working with an architectural firm to design a new museum. During an early iteration, some engineers agree that the functionality of a key architectural component is unclear. The quality assurance (QA) manager tells the project manager that quality issues should be a major concern, while the customer insists that the milestones cannot be moved. What should the project manager do?",,,A,,A.Research regulatory requirements regarding the component and present the findings at the next iteration review.,,,FALSE,B,,B.Provide clarifying details during the next retrospective meeting about how the component functions.,,,FALSE,C,,C.Facilitate a collaborative session with the engineers and designers to better understand the component's function.,,,TRUE,D,,D.Schedule an iteration planning session with the engineers and designers to make adjustments to the building plans.,,,FALSE,,,,,,,,,,,,,,,,,,,,,,,,,,,,,,,,,,,,,,,,,,,,,,,,,,,,,,,,,,,,,,,,,,,,,,,,,,,,,,,,,,,,,,,,,,,,,,,,
7881ada7-ed58-4bb8-9cf8-7816ac0441a2,pmp-people,SINGLE_CHOICE,DRAFT,,,"A program manager is launching a complex initiative involving four interdependent projects (A, B, C, and D) with different teams, technologies, and delivery timelines. Each project has its own project manager, but success depends on seamless integration across all deliverables. What should be the program manager's priority during the early stages?",,,A,,A.Establish a governance framework with integrated planning and cross-project dependency management.,,,TRUE,B,,B.Create unified reporting dashboards and standardized project management methodologies across teams.,,,FALSE,C,,C.Facilitate stakeholder alignment sessions to ensure consistent priorities and success criteria.,,,FALSE,D,,D.Conduct comprehensive risk assessment workshops to identify inter-project dependencies and mitigation.,,,FALSE,,,,,,,,,,,,,,,,,,,,,,,,,,,,,,,,,,,,,,,,,,,,,,,,,,,,,,,,,,,,,,,,,,,,,,,,,,,,,,,,,,,,,,,,,,,,,,,,
2e962cbe-339c-4646-b54b-4645bc50bb7c,pmp-people,SINGLE_CHOICE,DRAFT,,,A project team has been assembled to work on a high-profile project with numerous stakeholders and timeline restrictions. The project manager recognizes that tension and interpersonal issues may arise due to the project's high priority and the tight deadline. What should the project manager do?,,,A,,A.Schedule a mandatory review of the organization’s employee handbook regarding code of conduct and disciplinary processes.,,,FALSE,B,,B.Create a team charter to establish clear expectations regarding acceptable behavior and conflict resolution processes.,,,TRUE,C,,C.Demonstrate the principles of project management to reinforce the mindset and guide the behavior of team members.,,,FALSE,D,,D.Implement frequent performance assessments to increase cohesiveness and help team members and stakeholders work together.,,,FALSE,,,,,,,,,,,,,,,,,,,,,,,,,,,,,,,,,,,,,,,,,,,,,,,,,,,,,,,,,,,,,,,,,,,,,,,,,,,,,,,,,,,,,,,,,,,,,,,,
172af054-2113-48a9-8159-3097fc771739,pmp-people,SINGLE_CHOICE,DRAFT,,,"During charter development, a stakeholder was initially categorized in the stakeholder register as “keep informed” due to limited influence. Over the last two sprints, the stakeholder has attended design sessions and strongly advocated for specific features. The stakeholder's growing involvement indicates rising influence and interest. The project manager needs to ensure this stakeholder’s expectations remain aligned with the project's priorities and constraints. What should the project manager do first?",,,A,,A.Escalate the stakeholder’s unexpected engagement to the sponsor.,,,FALSE,B,,B.Re-categorize the stakeholder to adjust the engagement strategy.,,,TRUE,C,,C.Use the issue log to assign and track this situation to resolution.,,,FALSE,D,,D.Limit the stakeholder’s involvement to avoid further distractions.,,,FALSE,,,,,,,,,,,,,,,,,,,,,,,,,,,,,,,,,,,,,,,,,,,,,,,,,,,,,,,,,,,,,,,,,,,,,,,,,,,,,,,,,,,,,,,,,,,,,,,,
cf7a15cb-81a0-441b-8fb5-9a76ee98048c,pmp-people,SINGLE_CHOICE,DRAFT,,,"During a daily scrum, several team members openly express frustration about how tasks are assigned, claiming that the same people are repeatedly overloaded while others have fewer responsibilities. This has been an ongoing issue despite previous discussions, and morale is declining. If not addressed, the conflict could impact sprint commitments and overall team performance. What should the project manager do first?",,,A,,A.Review the resource management plan to confirm how task assignments should be handled.,,,FALSE,B,,B.Seek advice from other project managers on how to resolve recurring workload conflicts.,,,FALSE,C,,C.Facilitate a team session to analyze workload distribution and agree on improvements,,,TRUE,D,,D.Organize a team-building activity to improve trust and enhance overall team collaboration.,,,FALSE,,,,,,,,,,,,,,,,,,,,,,,,,,,,,,,,,,,,,,,,,,,,,,,,,,,,,,,,,,,,,,,,,,,,,,,,,,,,,,,,,,,,,,,,,,,,,,,,
df0e8873-e4b6-49a4-810f-c9dff9571f95,pmp-people,SINGLE_CHOICE,DRAFT,,,"A project manager is working on an IT project. During an iteration review meeting, a couple of key stakeholders enter into a heated discussion about the prototype's capabilities. What should the project manager do next?",,,A,,A.Plan a brainstorming session with the project team to find a resolution to the problem.,,,FALSE,B,,B.Identify the source of the conflict between the stakeholders and address the issue.,,,TRUE,C,,C. List the positives and negatives of the situation to determine the impact of this conflict.,,,FALSE,D,,D.Invite the project sponsor to intervene and act as a negotiator for the key stakeholders.,,,FALSE,,,,,,,,,,,,,,,,,,,,,,,,,,,,,,,,,,,,,,,,,,,,,,,,,,,,,,,,,,,,,,,,,,,,,,,,,,,,,,,,,,,,,,,,,,,,,,,,
a81da7ad-599a-432e-86aa-57483e760c8b,pmp-people,SINGLE_CHOICE,DRAFT,,,"A project manager is working on an internal project and noticed that the visions and goals of other department leaders are not clear. This creates confusion and ambiguity within the project team, and it is becoming difficult to distinguish between the wishlist and in scope items. Which document should the project manager review to clarify this situation? Select from the drop-down list below.",,,A,,A.Project charter,,,TRUE,B,,B.Communications management plan,,,FALSE,C,,C.Risk register,,,FALSE,D,,D.Stakeholder engagement plan,,,FALSE,,,,,,,,,,,,,,,,,,,,,,,,,,,,,,,,,,,,,,,,,,,,,,,,,,,,,,,,,,,,,,,,,,,,,,,,,,,,,,,,,,,,,,,,,,,,,,,,
f9d04302-60a7-43b6-9361-6a12eb8768b2,pmp-people,SINGLE_CHOICE,DRAFT,,,"The project manager of an agile project notices that key stakeholders are consistently skipping iteration planning and review meetings, stating they don't see the value and prefer email updates instead. This lack of engagement is causing delays in decision-making and feedback loops, putting sprint goals at risk. The team is frustrated by the absence of stakeholder input during critical planning sessions. What should the project manager do first to address this participation issue?",,,A,,Assess stakeholder communication preferences and adapt meeting formats to increase engagement.,,,FALSE,B,,Identify knowledge gaps and provide targeted coaching to stakeholders on agile methodology benefits.,,,TRUE,C,,Implement alternative feedback mechanisms such as recorded sessions and asynchronous collaboration.,,,FALSE,D,,Develop stakeholder training programs and establish clear participation expectations through governance.,,,FALSE,,,,,,,,,,,,,,,,,,,,,,,,,,,,,,,,,,,,,,,,,,,,,,,,,,,,,,,,,,,,,,,,,,,,,,,,,,,,,,,,,,,,,,,,,,,,,,,,
dfebfc08-743f-4634-bf30-d813e37757fa,pmp-people,SINGLE_CHOICE,DRAFT,,,"The project manager of an agile development has experience with the amount of information that can be lost during the transfer to a new operations team, despite having a well-organized knowledge repository and a hand-over meeting. The project manager needs to ensure that important information is not overlooked. The project manager wants to supplement these actions with an approach that will support an effective transition at the end of the project. What should the project manager do?",,,A,,Select team members with the strongest communications skills and have them form a transition team to facilitate the knowledge transfer.,,,FALSE,B,,"Break the process into stages, performing partial transfers as phases of the project are completed to create more manageable handoffs.",,,FALSE,C,,Use storytelling as a way to illustrate real-life decisions behind the project records and imprint them on the new team’s memory.,,,FALSE,D,,"Engage the operations teams early by including them in project planning, retrospectives, and knowledge-sharing sessions.",,,TRUE,,,,,,,,,,,,,,,,,,,,,,,,,,,,,,,,,,,,,,,,,,,,,,,,,,,,,,,,,,,,,,,,,,,,,,,,,,,,,,,,,,,,,,,,,,,,,,,,
4587210f-485e-47f6-bb8a-c128b6ba3f13,pmp-people,SINGLE_CHOICE,DRAFT,,,"A project team has full access to all project-related data, including visual data such as the Gantt chart, prioritization matrix, story map, and other inputs. However, a project team member repeatedly requests more granular details on a work package than the Gantt chart indicates. The Gantt chart is confirmed to be comprehensive and current, and the other project team members feel that the current Gantt chart is sufficiently detailed. What should a project manager do to address this situation?",,,A,,Create a new communication channel with granular updates.,,,FALSE,B,,Ensure that the team member understands the granular information retrieval process.,,,TRUE,C,,Remind the project team member that the Gantt chart was the agreed upon format.,,,FALSE,D,,Continue to ignore the project team members' requests.,,,FALSE,,,,,,,,,,,,,,,,,,,,,,,,,,,,,,,,,,,,,,,,,,,,,,,,,,,,,,,,,,,,,,,,,,,,,,,,,,,,,,,,,,,,,,,,,,,,,,,,
d1af3e18-6a18-4add-a44a-b4c65d21fe71,pmp-people,SINGLE_CHOICE,DRAFT,,,"In a project environment where the team tailors its approach based on context, a project team, distributed across three different countries, is having a difficult time arranging meetings. The team members are also unclear about the project requirements and are having trouble getting their questions answered. What should the project manager do to increase project success?",,,A,,Work independently until it is necessary to integrate the work.,,,FALSE,B,,Review the communications management plan and increase information sharing.,,,TRUE,C,,Increase the frequency of team meetings to discuss any questions.,,,FALSE,D,,Bring questions to the functional managers to resolve issues across the team.,,,FALSE,,,,,,,,,,,,,,,,,,,,,,,,,,,,,,,,,,,,,,,,,,,,,,,,,,,,,,,,,,,,,,,,,,,,,,,,,,,,,,,,,,,,,,,,,,,,,,,,
f84f7d96-f48c-41a0-bce4-1880e6313098,pmp-people,SINGLE_CHOICE,DRAFT,,,"During a one-year project, a team delivered everything as requested and defined by the product owner and met all of the sprint goals. The project was on track regarding schedule, scope, and budget. A few months after the project release, the product satisfaction surveys show that the customer's level of satisfaction is surprisingly low. What should the project manager do to prevent this situation in the future?",,,A,,Hold a kick-off meeting at the beginning of the project.,,,FALSE,B,,Improve application of test automation techniques.,,,FALSE,C,,Increase project management office (PMO) involvement.,,,FALSE,D,,Conduct periodic reviews with customer involvement.,,,TRUE,,,,,,,,,,,,,,,,,,,,,,,,,,,,,,,,,,,,,,,,,,,,,,,,,,,,,,,,,,,,,,,,,,,,,,,,,,,,,,,,,,,,,,,,,,,,,,,,
cff42274-3d32-4acb-883d-061ccee34dd9,pmp-people,SINGLE_CHOICE,DRAFT,,,"An experienced project manager is mentoring a new project manager assigned to their first project. As the new project manager prepares for the project, they are overwhelmed by the number of stakeholders identified by the team. What should the experienced project manager tell the new project manager to do next?",,,A,,Perform a stakeholder analysis to determine the relative importance.,,,TRUE,B,,Categorize key stakeholders using a workbook register.,,,FALSE,C,,Update the communications management plan with stakeholder preferences.,,,FALSE,D,,Prioritize stakeholders based on the stakeholder register.,,,FALSE,,,,,,,,,,,,,,,,,,,,,,,,,,,,,,,,,,,,,,,,,,,,,,,,,,,,,,,,,,,,,,,,,,,,,,,,,,,,,,,,,,,,,,,,,,,,,,,,
5cf8355d-7d09-4652-ae3f-431f16cae9e1,pmp-people,SINGLE_CHOICE,DRAFT,,,"During a product backlog refinement meeting, a stakeholder from the legal department and the product owner disagree on the prioritization of a particular item. The product owner states that the current prioritization is adding maximum value to the project, and the stakeholder states that the item should be prioritized because it is a governmental compliance requirement. What should the project manager do?",,,A,,Yield to the product owner's prioritization authority and remind the stakeholder that it is not their responsibility.,,,FALSE,B,,Examine previous situations in the lessons learned register to find a solution and prioritize the backlog accordingly.,,,FALSE,C,,Use negotiation techniques to convince the product owner to prioritize the backlog as suggested by the stakeholder.,,,FALSE,D,,Facilitate a discussion between the product owner and the stakeholder to discuss their perspectives and concerns.,,,TRUE,,,,,,,,,,,,,,,,,,,,,,,,,,,,,,,,,,,,,,,,,,,,,,,,,,,,,,,,,,,,,,,,,,,,,,,,,,,,,,,,,,,,,,,,,,,,,,,,
03b33bb7-1b39-4b75-8451-dc805da7b718,pmp-people,SINGLE_CHOICE,DRAFT,,,"During a standup meeting, the project manager discovers that one of the software developers is struggling to complete work because they lack experience with automation testing, potentially affecting the sprint goal. A quality assurance engineer on the team has automation testing experience but is busy preparing a presentation for new employees. What should the project manager do to increase the chances of achieving the sprint goal?",,,A,,Reassign the automation work to the engineer as soon as the presentation is finished.,,,FALSE,B,,Immediately train the software developer on automation testing and then proceed with testing.,,,FALSE,C,,Ask the quality assurance engineer to assist the software developer as soon as possible.,,,TRUE,D,,Reschedule the automation testing for when the quality assurance engineer is available.,,,FALSE,,,,,,,,,,,,,,,,,,,,,,,,,,,,,,,,,,,,,,,,,,,,,,,,,,,,,,,,,,,,,,,,,,,,,,,,,,,,,,,,,,,,,,,,,,,,,,,,
32040350-4fcd-4ddf-9139-80b308df373c,pmp-people,SINGLE_CHOICE,DRAFT,,,"During execution of a global enterprise resource planning (ERP) implementation, stakeholders from different regions interpret the project vision differently. Some believe the system must enforce strict global standardization. Others expect significant local customization. This disagreement has delayed key design decisions, and the sponsor warns that further delays will jeopardize both the schedule and the overall program objectives. What should the project manager do?",,,A,,Document each region’s expectations separately and combine the relevant elements into a hybrid vision.,,,FALSE,B,,Prepare a risk breakdown structure (RBS) that prioritizes the risks associated with each approach.,,,FALSE,C,,Facilitate structured root cause analysis workshops to uncover why stakeholders interpret the vision differently.,,,TRUE,D,,Reissue the original project vision statement and require formal acknowledgment from all stakeholders.,,,FALSE,,,,,,,,,,,,,,,,,,,,,,,,,,,,,,,,,,,,,,,,,,,,,,,,,,,,,,,,,,,,,,,,,,,,,,,,,,,,,,,,,,,,,,,,,,,,,,,,
38e1b9bb-5f21-4108-9729-a4ffc0fe3391,pmp-people,SINGLE_CHOICE,DRAFT,,,An agile project to implement a new automation process in a factory is underway. The project manager has selected a specialized vendor to support the technical installation phase. The vendor team will be working closely with the internal agile team for the next three sprints. What should the project manager do before the vendor begins working with the team?,,,A,,Conduct comprehensive onboarding sessions to align the vendor with project objectives and team dynamics.,,,FALSE,B,,Hold orientation meetings to ensure both parties share understanding of project goals and requirements.,,,TRUE,C,,Establish clear communication protocols and decision-making authority between team members and vendors.,,,FALSE,D,,Define vendor integration guidelines and ensure the team understands their collaborative role.,,,FALSE,,,,,,,,,,,,,,,,,,,,,,,,,,,,,,,,,,,,,,,,,,,,,,,,,,,,,,,,,,,,,,,,,,,,,,,,,,,,,,,,,,,,,,,,,,,,,,,,
f47e8841-8e4e-4843-8855-d5c54efb75d7,pmp-people,SINGLE_CHOICE,DRAFT,,,"After completing in-person training on complex organizational processes, several agile team members express difficulty retaining the information. The team is already behind on key deliverables, and attending the next available session would delay the project further. What should the project manager do?",,,A,,Encourage team members to pair up and review key concepts together as part of daily collaboration.,,,FALSE,B,,Develop a visual reference tool with essential training content and display it for easy access by the team.,,,TRUE,C,,Allow team members to reattend the full training session even if it affects the current schedule.,,,FALSE,D,,Direct the team to review their personal notes to reinforce their understanding of the material.,,,FALSE,,,,,,,,,,,,,,,,,,,,,,,,,,,,,,,,,,,,,,,,,,,,,,,,,,,,,,,,,,,,,,,,,,,,,,,,,,,,,,,,,,,,,,,,,,,,,,,,
0e07589d-eb90-4c4a-b611-1e7653456474,pmp-people,SINGLE_CHOICE,DRAFT,,,An interior design firm has been contracted to oversee the design of a state-of-the-art flagship building for a major client. The project manager is new to working with this client and wants to understand how previous project teams have managed the resources and labor requirements for working with similar clients. The project manager must leverage resources to find information on past projects with similar scopes. What should the project manager do?,,,A,,"Examine financial data repositories to find information on hours worked, incurred costs, budgets, and any project cost overruns.",,,TRUE,B,,Schedule a meeting with the client and other stakeholders to get an understanding of their expectations based on previous project performance.,,,FALSE,C,,Contrast the scope baselines from previous projects with this scope to see which approaches were the most effective and plan the best approach.,,,FALSE,D,,Organize a retrospective with project managers from previous projects to ask questions and learn from their experience working with this type of client.,,,FALSE,,,,,,,,,,,,,,,,,,,,,,,,,,,,,,,,,,,,,,,,,,,,,,,,,,,,,,,,,,,,,,,,,,,,,,,,,,,,,,,,,,,,,,,,,,,,,,,,
ae092759-6ac3-4ac1-a353-834c698e872e,pmp-people,SINGLE_CHOICE,DRAFT,,,"During the second month of a hybrid project to develop a digital customer portal, the project manager observes a pattern: the product owner often misses key refinement sessions, provides vague feedback on deliverables, and is unresponsive to team questions. As a result, the development team struggles to understand priorities, and the planned business value is at risk. What should the project manager do to address this issue?",,,A,,Escalate the matter to the sponsor and request that a new product owner be assigned.,,,FALSE,B,,Increase the frequency of team meetings to better clarify requirements and priorities.,,,FALSE,C,,Review and revise the stakeholder engagement strategy to improve collaboration with the product owner.,,,TRUE,D,,Tell the team to focus on technical delivery to maintain schedule adherence despite the engagement gaps.,,,FALSE,,,,,,,,,,,,,,,,,,,,,,,,,,,,,,,,,,,,,,,,,,,,,,,,,,,,,,,,,,,,,,,,,,,,,,,,,,,,,,,,,,,,,,,,,,,,,,,,
008484db-7a4c-49b9-a84d-24889334466a,pmp-people,SINGLE_CHOICE,DRAFT,,,"A key team member publicly declares that another team member spoke negatively about them during the last retrospective. The accused member denies this and claims their comments were misinterpreted. The key member threatens to quit if immediate action isn't taken, while other team members are taking sides. Team morale is declining, and project productivity is being affected. Both individuals are critical to project success. What should the project manager do first to address this conflict?",,,A,,Meet with both individuals separately to understand each perspective before taking action.,,,TRUE,B,,Facilitate a joint meeting with both parties to address the conflict directly.,,,FALSE,C,,Review retrospective notes and consult with other team members who witnessed interaction.,,,FALSE,D,,Escalate the situation to human resources given the severity and quit threat.,,,FALSE,,,,,,,,,,,,,,,,,,,,,,,,,,,,,,,,,,,,,,,,,,,,,,,,,,,,,,,,,,,,,,,,,,,,,,,,,,,,,,,,,,,,,,,,,,,,,,,,
04e155b6-124a-4db3-b77a-ed7b862ae1e3,pmp-people,SINGLE_CHOICE,DRAFT,,,A project manager is assembling a team with a mix of new and experienced team members. The project manager finds out that there are issues with team cohesion. The experienced team members believe new team members lack the technical skills required to perform the necessary work and expect that they will have to compensate for their inexperience. What should the project manager do?,,,A,,Offer bonuses or other incentives to experienced team members to mentor the new team members.,,,FALSE,B,,"Analyze the skills of all team members, identify gaps, and develop plans to address them.",,,TRUE,C,,Reassign new team members to projects that better align with their skills and experience.,,,FALSE,D,,Explain that professional project team members are expected to resolve issues without intervention.,,,FALSE,,,,,,,,,,,,,,,,,,,,,,,,,,,,,,,,,,,,,,,,,,,,,,,,,,,,,,,,,,,,,,,,,,,,,,,,,,,,,,,,,,,,,,,,,,,,,,,,
e6060219-f823-44cc-b5cd-1787c8a9d09f,pmp-people,SINGLE_CHOICE,DRAFT,,,"A project manager discovers a heated disagreement between a team member and a supplier representative over contract interpretation for critical deliverables. The dispute involves penalty clauses that could impact the project timeline and costs. Both parties have valid concerns: the team member argues for strict adherence to quality standards, while the supplier claims the requirements exceed original specifications. The conflict is escalating and threatening working relationships essential for project success. What should the project manager aim to achieve when facilitating resolution?",,,A,,Prioritize project objectives while ensuring the supplier maintains reasonable profit margins.,,,FALSE,B,,Achieve project quality standards through collaborative problem-solving benefiting both parties.,,,TRUE,C,,Focus on contract compliance while preserving long-term supplier relationship value.,,,FALSE,D,,Secure project deliverables regardless of impact on supplier partnership sustainability.,,,FALSE,,,,,,,,,,,,,,,,,,,,,,,,,,,,,,,,,,,,,,,,,,,,,,,,,,,,,,,,,,,,,,,,,,,,,,,,,,,,,,,,,,,,,,,,,,,,,,,,
ef6543de-f1b8-46ae-96ba-9b2f5459316d,pmp-people,SINGLE_CHOICE,DRAFT,,,A commercial business with franchises across the country is rolling out a nationwide product upgrade. A key stakeholder wants to share their experience about the existing product with employees in other franchises. The sponsor insists on a systematic approach to ensure knowledge is transferred among all employees at all franchise locations. What should the project manager do?,,,A,,Record one-on-one videos to gather first-hand employee experiences regarding project challenges and strategies.,,,FALSE,B,,Compile knowledge gathered at each location into a shared document and make it easily accessible to all employees.,,,FALSE,C,,"Develop a formal knowledge transfer framework that collects tacit knowledge, such as personal experiences.",,,TRUE,D,,Facilitate face-to-face meetings to replace the existing person-to-person informal knowledge trade-off method.,,,FALSE,,,,,,,,,,,,,,,,,,,,,,,,,,,,,,,,,,,,,,,,,,,,,,,,,,,,,,,,,,,,,,,,,,,,,,,,,,,,,,,,,,,,,,,,,,,,,,,,
0a41ac12-31aa-4871-8ca6-778ae612b63f,pmp-people,SINGLE_CHOICE,DRAFT,,,"An organizational transformation project has two workstreams running in parallel between the corporate headquarters and an overseas office. Before kickoff, the project manager is scheduled to meet the overseas office leader. What should the focus of the meeting be?",,,A,,"Informing the overseas office leader of the project’s strategic value, key deliverables, and their expected involvement.",,,TRUE,B,,Reaching an agreement on the choice of procurement strategies to be employed by the overseas office.,,,FALSE,C,,Assisting the overseas office leader in communicating with the corporate headquarters stakeholders about the project.,,,FALSE,D,,Identifying and assigning a subject matter expert (SME) to represent the project at the overseas office.,,,FALSE,,,,,,,,,,,,,,,,,,,,,,,,,,,,,,,,,,,,,,,,,,,,,,,,,,,,,,,,,,,,,,,,,,,,,,,,,,,,,,,,,,,,,,,,,,,,,,,,
2a154774-85a3-4601-924b-d91bc9b06e8a,pmp-people,SINGLE_CHOICE,DRAFT,,,"While working on a long and dynamic project, a team member informs the project manager that some users are dissatisfied with features released in the previous iteration. The users feel that certain functionalities are confusing or do not meet their needs. The project is ongoing, with additional releases already planned. What should the project manager do?",,,A,,Review individual responsibilities to prevent confusion within the delivery team.,,,FALSE,B,,Collect feedback from stakeholders and discuss with the team to gain insights.,,,TRUE,C,,Inform the team of the concern and continue with the current release schedule.,,,FALSE,D,,Document the issue and then update the change and issue logs accordingly.,,,FALSE,,,,,,,,,,,,,,,,,,,,,,,,,,,,,,,,,,,,,,,,,,,,,,,,,,,,,,,,,,,,,,,,,,,,,,,,,,,,,,,,,,,,,,,,,,,,,,,,
60994ae8-48ff-4133-8b40-10d8a52dd5e8,pmp-people,SINGLE_CHOICE,DRAFT,,,"A six-week project is underway, and during the first few days of execution, the team encounters a major impediment. The project manager works with the team to resolve the issue and unexpectedly discovers a solution that allows the project to be completed in just three weeks. What should the project manager do next?",,,A,,Engage with stakeholders to evaluate the new opportunity and decide next steps.,,,TRUE,B,,Revise the scope to add more deliverables that fill the remaining timeline.,,,FALSE,C,,Continue with the original timeline and milestone schedule as initially planned.,,,FALSE,D,,Reassign available team members to other initiatives to improve utilization.,,,FALSE,,,,,,,,,,,,,,,,,,,,,,,,,,,,,,,,,,,,,,,,,,,,,,,,,,,,,,,,,,,,,,,,,,,,,,,,,,,,,,,,,,,,,,,,,,,,,,,,
a69df487-46a1-441c-ab23-8dd2f37b185e,pmp-people,SINGLE_CHOICE,DRAFT,,,"Due to market changes, a company decided to speed up its product release schedule, moving from yearly cycles to quarterly cycles. The project manager views this as an excellent opportunity to use an agile life cycle, but upper management is not sold on the idea. What should the project manager do to increase the chances of success by using this approach?",,,A,,Seek the project sponsor's approval for additional budget and resources.,,,FALSE,B,,Review the product backlog to identify some quick wins to present to stakeholders.,,,TRUE,C,,Invite upper management to attend a digital transformation workshop.,,,FALSE,D,,Have the project team work virtually and use the cost savings to speed up delivery.,,,FALSE,,,,,,,,,,,,,,,,,,,,,,,,,,,,,,,,,,,,,,,,,,,,,,,,,,,,,,,,,,,,,,,,,,,,,,,,,,,,,,,,,,,,,,,,,,,,,,,,
81605bc3-0e08-46dd-9896-836fe3bcbe0a,pmp-people,SINGLE_CHOICE,DRAFT,,,"A project manager takes over a troubled project that is both behind schedule and over budget. The delivery approach combines a predictive structure with agile iterations for the most critical features. During the initial assessment, the project manager observes that team members are hesitant to take risks, focus on individual recognition, and lack shared accountability. What should the project manager do to improve team productivity?",,,A,,Develop individual performance plans for each team member and share performance results with the group.,,,FALSE,B,,"Enable collaboration by creating shared goals, celebrating team achievements, and providing group-based rewards.",,,TRUE,C,,Reinforce the next milestone and track individual performance closely to ensure task execution.,,,FALSE,D,,Request approval to replace some team members to reinforce the importance of accountability and delivery.,,,FALSE,,,,,,,,,,,,,,,,,,,,,,,,,,,,,,,,,,,,,,,,,,,,,,,,,,,,,,,,,,,,,,,,,,,,,,,,,,,,,,,,,,,,,,,,,,,,,,,,
af2c4018-48f3-466d-b685-e3b2a627b2de,pmp-people,SINGLE_CHOICE,DRAFT,,,An organization is running two similar projects simultaneously. The sponsor emphasizes the importance of avoiding repeated mistakes and maximizing efficiency across both initiatives. The project manager needs to ensure that lessons identified in one project are applied systematically to the other through a knowledge transfer mechanism. What should the project manager do?,,,A,,Conduct informal cross-team meetings focused on clarifying responsibilities and encouraging knowledge-sharing practices.,,,FALSE,B,,Reuse previously identified risk responses directly from one project but keep them generic so they remain relevant.,,,FALSE,C,,Identify results from complex tasks that save significant time and overall costs and apply them across both projects.,,,FALSE,D,,"Conduct stakeholder information-sharing sessions to capture tacit knowledge and lessons learned, and distribute them across both active project teams.",,,TRUE,,,,,,,,,,,,,,,,,,,,,,,,,,,,,,,,,,,,,,,,,,,,,,,,,,,,,,,,,,,,,,,,,,,,,,,,,,,,,,,,,,,,,,,,,,,,,,,,
8869289e-b000-49a9-bc74-a7a617cc6334,pmp-people,SINGLE_CHOICE,DRAFT,,,A functional manager involved in a project expresses concerns that the quality metrics reports from recent iterations don't accurately reflect the team's actual performance and may mislead stakeholders about project health. The development team believes their quality metrics are comprehensive and accurately represent their work quality. There's growing tension between the functional manager and the team regarding reporting accuracy. What should the project manager do first?,,,A,,Review and adjust quality metrics reports to address the functional manager's specific concerns about accuracy.,,,FALSE,B,,Meet with the functional manager to understand their concerns and gather feedback about reporting issues.,,,TRUE,C,,Examine the RACI matrix to clarify roles and responsibilities for quality metrics reporting and validation.,,,FALSE,D,,Conduct an independent quality audit to assess whether metrics accurately reflect project performance.,,,FALSE,,,,,,,,,,,,,,,,,,,,,,,,,,,,,,,,,,,,,,,,,,,,,,,,,,,,,,,,,,,,,,,,,,,,,,,,,,,,,,,,,,,,,,,,,,,,,,,,
98d0ff09-7b85-4093-8872-992ae5dfafae,pmp-people,SINGLE_CHOICE,DRAFT,,,"A project team has a goal of continuously improving the quality of their project knowledge. However, the scrum master is not satisfied with the superficial results from the team’s first retrospective. Going forward, the team needs a better understanding of how to gain useful knowledge from these discussions. What should the project team do?",,,A,,Increase the frequency of retrospectives so that their quality improves with the team’s experience.,,,FALSE,B,,Categorize the situations studied by key characteristics such as type and impact to reveal patterns.,,,TRUE,C,,Focus on documenting what worked well rather than what failed so the lessons learned are positive.,,,FALSE,D,,Employ the storytelling approach to make the information more vivid and memorable for the team.,,,FALSE,,,,,,,,,,,,,,,,,,,,,,,,,,,,,,,,,,,,,,,,,,,,,,,,,,,,,,,,,,,,,,,,,,,,,,,,,,,,,,,,,,,,,,,,,,,,,,,,
fbce11be-e282-4dec-b1f1-8a152d1c2f89,pmp-people,SINGLE_CHOICE,DRAFT,,,"As part of a project deliverable, a project manager demonstrates how to use one of the products to a subset of a client's employees through a 30-minute virtual conference call. The client's employees complain that a two-day workshop would have been more effective for training. What should the project manager have done to prevent this complaint?",,,A,,Assessed the training needs of the client's employees.,,,TRUE,B,,Included this risk in the risk management plan.,,,FALSE,C,,Provided a contingency reserve for additional training.,,,FALSE,D,,Developed an asynchronous training plan.,,,FALSE,,,,,,,,,,,,,,,,,,,,,,,,,,,,,,,,,,,,,,,,,,,,,,,,,,,,,,,,,,,,,,,,,,,,,,,,,,,,,,,,,,,,,,,,,,,,,,,,
acc3c504-4b56-449a-8864-aa570b72891b,pmp-people,SINGLE_CHOICE,DRAFT,,,A project manager is leading a complex software development project. The project team cannot agree on which process to use when solving a specific problem. What approach should the project manager take to help bring the team to consensus?,,,A,,Exert expert authority and define the path forward for the team.,,,FALSE,B,,Escalate the issue to upper management to determine the best process.,,,FALSE,C,,Assign a new team lead who has experience in solving similar software development problems.,,,FALSE,D,,Facilitate a meeting and encourage team members to come up with potential solutions.,,,TRUE,,,,,,,,,,,,,,,,,,,,,,,,,,,,,,,,,,,,,,,,,,,,,,,,,,,,,,,,,,,,,,,,,,,,,,,,,,,,,,,,,,,,,,,,,,,,,,,,
33d8f829-6a43-4eb1-9329-3973d1b7bc93,pmp-people,SINGLE_CHOICE,DRAFT,,,A project manager observes that a key team member frequently misses team meetings and prioritizes work assigned by their functional manager. This misalignment has begun to affect both delivery timelines and team morale. What should the project manager do?,,,A,,Escalate the conflict to the functional manager and renegotiate the team member’s availability.,,,TRUE,B,,Reassign the team member’s responsibilities and update the resource management plan accordingly.,,,FALSE,C,,Facilitate a performance discussion with the team member and escalate if the behavior continues.,,,FALSE,D,,Continue tracking the issue while exploring informal workarounds with other team members.,,,FALSE,,,,,,,,,,,,,,,,,,,,,,,,,,,,,,,,,,,,,,,,,,,,,,,,,,,,,,,,,,,,,,,,,,,,,,,,,,,,,,,,,,,,,,,,,,,,,,,,
53b9a42a-1a8a-4f7d-a927-9fa8b6dd986f,pmp-people,SINGLE_CHOICE,DRAFT,,,"During project initiation, the project manager makes a strong effort to engage all stakeholders by meeting, interviewing, and aligning their expectations with the project's needs. The team has been sending regular progress updates. However, the project manager is concerned because engagement from some stakeholders has declined. The project manager wants to restore the strong connections these stakeholders had at the beginning of the project and keep them fully engaged. What should the project manager do?",,,A,,Remind the stakeholders of their commitment to the project and urge them to respond more diligently to the progress updates.,,,FALSE,B,,Change the format of the updates sent to all stakeholders from detailed reports to eye-catching graphics so they will not be overlooked.,,,FALSE,C,,Tailor the engagement strategy to better suit those stakeholders’ situations by communicating at a different pace or in a different way.,,,TRUE,D,,Continue sending the progress updates to stakeholders as long as progress on the project continues smoothly and no problems arise.,,,FALSE,,,,,,,,,,,,,,,,,,,,,,,,,,,,,,,,,,,,,,,,,,,,,,,,,,,,,,,,,,,,,,,,,,,,,,,,,,,,,,,,,,,,,,,,,,,,,,,,
49cac685-7f67-42d5-ad7a-c92f357cdee5,pmp-people,SINGLE_CHOICE,DRAFT,,,"An urban hotel design project involves a globally distributed, multidisciplinary team with diverse cultural backgrounds, working across multiple time zones. The company has previously experienced delays and miscommunication on similar projects due to poor integration and cultural misunderstandings. The project manager is in the process of developing the first version of the project management plan. What should the project manager do?",,,A,,Select a predictive life cycle to enable upfront planning and formal handoff procedures across regions.,,,FALSE,B,,Assign responsibilities based on shared working hours to streamline coordination across time zones.,,,FALSE,C,,"Develop a culturally responsive communication protocol that defines channels, escalation flows, and language needs.",,,TRUE,D,,Standardize all updates and team interactions using a single digital platform and default project time zone.,,,FALSE,,,,,,,,,,,,,,,,,,,,,,,,,,,,,,,,,,,,,,,,,,,,,,,,,,,,,,,,,,,,,,,,,,,,,,,,,,,,,,,,,,,,,,,,,,,,,,,,
8a8aec4f-f014-4dcd-8423-c1d4dd690078,pmp-people,SINGLE_CHOICE,DRAFT,,,"A project manager is leading a team of software engineers developing a mobile app for a retail client. While the team consistently meets sprint deadlines, recent customer feedback has revealed an increase in usability issues and post-release defects. The project manager suspects the decline in quality is due to skill gaps within the team. What should the project manager do next?",,,A,,Recruit an experienced senior team member to the team to offset performance issues.,,,FALSE,B,,Hire new team members with more experience to compensate for the performance decline.,,,FALSE,C,,Conduct a skills gap analysis to identify specific training needs and provide targeted training.,,,TRUE,D,,Implement a stricter performance evaluation system to hold team members accountable.,,,FALSE,,,,,,,,,,,,,,,,,,,,,,,,,,,,,,,,,,,,,,,,,,,,,,,,,,,,,,,,,,,,,,,,,,,,,,,,,,,,,,,,,,,,,,,,,,,,,,,,
884bd117-5755-42bb-b4bb-f41196ff4996,pmp-people,SINGLE_CHOICE,DRAFT,,,"After distributing a project status report, the project manager discovers that several recipients are no longer involved with the project, while new stakeholders who should receive updates are not on the distribution list. Some recipients indicate they're receiving irrelevant information, while others complain about missing critical updates. This communication misalignment is affecting stakeholder engagement and project transparency across multiple organizational levels. What should the project manager do?",,,A,,Conduct stakeholder analysis to identify current information needs and requirements.,,,TRUE,B,,Review and update the communications management plan to reflect needs.,,,FALSE,C,,Implement stakeholder feedback system to validate communication effectiveness.,,,FALSE,D,,Establish role-based communication protocols for appropriate distribution.,,,FALSE,,,,,,,,,,,,,,,,,,,,,,,,,,,,,,,,,,,,,,,,,,,,,,,,,,,,,,,,,,,,,,,,,,,,,,,,,,,,,,,,,,,,,,,,,,,,,,,,
1e029a87-e3ec-4278-966a-651c62c5e58c,pmp-people,SINGLE_CHOICE,DRAFT,,,"A project manager has been hired to lead a multinational program involving several teams distributed across different time zones. Early in execution, conflicting preferences emerge regarding the frequency and format of status reporting. Some team members prefer short weekly summaries, while others expect detailed daily updates. However, a communication management plan was developed and approved during project initiation. What should the project manager do to handle the situation effectively?",,,A,,Remind the team that the approved communication management plan defines the expected reporting approach.,,,TRUE,B,,Change the status reporting format to accommodate the preferences of all team members.,,,FALSE,C,,Escalate the issue to the sponsor and ask for guidance on next steps.,,,FALSE,D,,Ask the team members to resolve the issue among themselves and agree on a preferred format.,,,FALSE,,,,,,,,,,,,,,,,,,,,,,,,,,,,,,,,,,,,,,,,,,,,,,,,,,,,,,,,,,,,,,,,,,,,,,,,,,,,,,,,,,,,,,,,,,,,,,,,
151bdedd-1efe-42bc-b2aa-bed4b020e5db,pmp-people,SINGLE_CHOICE,DRAFT,,,"During the project, the project manager discovers that a stakeholder is submitting inaccurate status reports to the steering committee due to a lack of correct project information. What should the project manager do first?",,,A,,Update the communications management plan to ensure the stakeholder receives accurate information.,,,FALSE,B,,Schedule a meeting with the stakeholder to address the inaccurate reporting and clarify project details.,,,TRUE,C,,Provide regular updates directly to the steering committee to maintain accurate communication.,,,FALSE,D,,Escalate the issue and require all steering committee reports to be preapproved before submission.,,,FALSE,,,,,,,,,,,,,,,,,,,,,,,,,,,,,,,,,,,,,,,,,,,,,,,,,,,,,,,,,,,,,,,,,,,,,,,,,,,,,,,,,,,,,,,,,,,,,,,,
c230b947-c28d-466f-acf7-6edec210d389,pmp-people,SINGLE_CHOICE,DRAFT,,,"A project manager has assembled a small team of experienced software developers to create a routine product update, but volatile market conditions have suddenly forced the company to produce a full new release instead. The scope of the project has increased dramatically, and several new employees have been brought onto the team. There is a critical need for experienced team members to share their knowledge with newer resources. What should the project manager do?",,,A,,Hold brainstorming sessions to get everyone’s ideas about the project into the discussion for consideration.,,,FALSE,B,,Build more time into the schedule to account for the learning curve on work done by the new team members.,,,FALSE,C,,Facilitate frequent conversations and arrange mentoring partnerships among old and new team members.,,,TRUE,D,,Make sure all the project artifacts in the knowledge repository are up to date and easily accessible for reference.,,,FALSE,,,,,,,,,,,,,,,,,,,,,,,,,,,,,,,,,,,,,,,,,,,,,,,,,,,,,,,,,,,,,,,,,,,,,,,,,,,,,,,,,,,,,,,,,,,,,,,,
94efb1aa-576a-4a91-ae9a-48a09aa7e8c2,pmp-people,SINGLE_CHOICE,DRAFT,,,"Team members assigned to a complex project are having trouble understanding their specific duties and their roles within the project. As a result, they have not been working together as effectively as they need to. The sponsor stresses that team members must be aligned with project goals in order to meet the project's milestones. What should the project manager do?",,,A,,Use a high-level project management plan to outline overall task distribution among the project team members.,,,FALSE,B,,Create a responsibility assignment matrix (RAM) to identify which team member is responsible for each task.,,,TRUE,C,,Prepare a probability-consequence matrix that plots the consequences of missed milestones that result from misalignment of team members.,,,FALSE,D,,"Share specific, measurable, achievable, realistic, and time-bound (SMART) guidelines to help the team members set meaningful goals.",,,FALSE,,,,,,,,,,,,,,,,,,,,,,,,,,,,,,,,,,,,,,,,,,,,,,,,,,,,,,,,,,,,,,,,,,,,,,,,,,,,,,,,,,,,,,,,,,,,,,,,
6d078110-daed-4da6-9c15-aa84ad61f82c,pmp-people,SINGLE_CHOICE,DRAFT,,,"A project manager is based in Location A with a small local team. The developers are in a remote time zone, and a quality assessor is working independently from a third location. Team members often experience delays in communication, which has started to affect coordination and progress across tasks. The project manager is concerned that the distance and lack of real-time interaction could reduce team cohesion. What should the project manager do to address this challenge and improve collaboration?",,,A,,Increase the number of daily standups to provide more structured touchpoints and reduce uncertainty.,,,FALSE,B,,Recommend replacing remote team members with local staff to improve availability and responsiveness.,,,FALSE,C,,Establish a fishbowl window to enable better asynchronous collaboration and shared visibility.,,,TRUE,D,,Reduce the frequency of communication by refining the backlog and assigning work in larger batches.,,,FALSE,,,,,,,,,,,,,,,,,,,,,,,,,,,,,,,,,,,,,,,,,,,,,,,,,,,,,,,,,,,,,,,,,,,,,,,,,,,,,,,,,,,,,,,,,,,,,,,,
f82755d3-3388-430a-aa93-0e60c6507c49,pmp-people,SINGLE_CHOICE,DRAFT,,,"A multinational corporation is running a large, complex project that requires cooperation across divisions. The project has many stakeholders, but some contribute more directly to the project activities than others. The project manager needs to choose a classification model that will provide a clear picture of the relative importance of the various types of stakeholders. What should the project manager do?",,,A,,"Choose the grid model to group stakeholders by their level of authority, interest in the project, and ability to influence its outcome.",,,FALSE,B,,"Choose the influence model to separate stakeholders by their upward, downward, outward, or sideward directions of influence.",,,FALSE,C,,"Choose the salience model to classify stakeholders based on their power, the urgency of their needs, and the legitimacy of their involvement.",,,TRUE,D,,Choose the prioritization model to reprioritize stakeholders in response to frequently changing membership and complex interrelationships.,,,FALSE,,,,,,,,,,,,,,,,,,,,,,,,,,,,,,,,,,,,,,,,,,,,,,,,,,,,,,,,,,,,,,,,,,,,,,,,,,,,,,,,,,,,,,,,,,,,,,,,
465ee441-efe0-474e-9c8b-e9e1fdb03d64,pmp-people,SINGLE_CHOICE,DRAFT,,,"A government director is serving as product owner for a critical software project with tight regulatory deadlines. Despite repeated attempts, the director consistently misses sprint reviews, delays acceptance criteria approvals, and fails to respond to team questions within the required timeframes. The team is blocked on multiple user stories, stakeholders are questioning project progress, and the director's unavailability is creating cascade delays across dependent government initiatives. What should the project manager do to resolve this product ownership challenge?",,,A,,Assess the director's capacity constraints and negotiate for dedicated product owner support.,,,TRUE,B,,Escalate to senior leadership requesting replacement or assignment of empowered product owner.,,,FALSE,C,,Implement structured communication protocols with mandatory response timeframes and escalation.,,,FALSE,D,,Facilitate stakeholder alignment sessions to distribute product ownership responsibilities.,,,FALSE,,,,,,,,,,,,,,,,,,,,,,,,,,,,,,,,,,,,,,,,,,,,,,,,,,,,,,,,,,,,,,,,,,,,,,,,,,,,,,,,,,,,,,,,,,,,,,,,
4b76a9ed-8b49-4a1a-91d8-d27977a7f63c,pmp-people,SINGLE_CHOICE,DRAFT,,,"An acquisition project for a regional hospital system is underway when a regulator announces a new compliance deadline. Missing the deadline could result in penalties and undermine regulatory confidence. If the project manager does not respond in time, overall stakeholder satisfaction might decline, and project outcomes could be jeopardized. What should the project manager do?",,,A,,Maintain the current stakeholder engagement plan and defer changes until the next phase-gate review.,,,FALSE,B,,Add additional risk reserves to the budget to offset potential penalties from missed compliance deadlines.,,,FALSE,C,,Assign the compliance analyst direct responsibility for managing communications with the regulator.,,,FALSE,D,,"Reassess urgency, update the assessment and engagement plans, and adjust related delivery priorities.",,,TRUE,,,,,,,,,,,,,,,,,,,,,,,,,,,,,,,,,,,,,,,,,,,,,,,,,,,,,,,,,,,,,,,,,,,,,,,,,,,,,,,,,,,,,,,,,,,,,,,,
0bb6d7cc-1f73-4496-86af-28ffe45a07f1,pmp-people,SINGLE_CHOICE,DRAFT,,,"Due to economic implications, a company announces imminent layoffs. A project is nearing delivery, and the team is worried about losing their jobs. Team morale is very low, and the project manager is experiencing increased delivery delays from the team. Senior leadership has not provided specific details about which departments will be affected. What should the project manager do to address team morale?",,,A,,Schedule individual meetings with team members to understand and address concerns.,,,FALSE,B,,Provide transparent updates on available information and facilitate open team discussions.,,,TRUE,C,,Focus the team’s attention on project deliverables to minimize worrying about changes.,,,FALSE,D,,"Escalate to senior leadership, requesting clarity on team job security and continuity.",,,FALSE,,,,,,,,,,,,,,,,,,,,,,,,,,,,,,,,,,,,,,,,,,,,,,,,,,,,,,,,,,,,,,,,,,,,,,,,,,,,,,,,,,,,,,,,,,,,,,,,
35d9c5bb-26db-4e4a-8ab0-1da1eaa63eb6,pmp-people,SINGLE_CHOICE,DRAFT,,,"A company hired a project manager to lead an adaptive project using iterative development. After a few sprints, the team feels frustrated because the client is not actively participating or helping define acceptance criteria. This lack of engagement is starting to affect morale and delivery. What is the most likely root cause of this situation?",,,A,,Key stakeholders are unclear about their role in an adaptive delivery model.,,,TRUE,B,,The delivery team lacks sufficient experience with iterative development methods.,,,FALSE,C,,The sponsor wants results but is detached from the development process.,,,FALSE,D,,No working features have been shared yet for client feedback sessions.,,,FALSE,,,,,,,,,,,,,,,,,,,,,,,,,,,,,,,,,,,,,,,,,,,,,,,,,,,,,,,,,,,,,,,,,,,,,,,,,,,,,,,,,,,,,,,,,,,,,,,,
995b3c9d-bab3-433e-985b-dbaab2984708,pmp-people,SINGLE_CHOICE,DRAFT,,,"In an agile project with multiple subcontractors, the client frequently bypasses the project manager to give direct orders to subcontractors, causing scope confusion and team conflicts. The client claims they need faster response times and direct technical discussions. Subcontractors are torn between client requests and project manager direction, leading to contradictory work and timeline disruptions. The situation is affecting team morale and project governance. What should the project manager do to resolve this communication and governance issue?",,,A,,Establish clear communication protocols and educate the client on proper engagement channels.,,,FALSE,B,,"Implement a governance framework defining roles, responsibilities, and communication boundaries.",,,TRUE,C,,Schedule regular client-team interaction sessions with structured agendas for technical discussions.,,,FALSE,D,,Negotiate contract amendments clarifying communication protocols and decision-making authority.,,,FALSE,,,,,,,,,,,,,,,,,,,,,,,,,,,,,,,,,,,,,,,,,,,,,,,,,,,,,,,,,,,,,,,,,,,,,,,,,,,,,,,,,,,,,,,,,,,,,,,,
6e92f9a9-5c7a-4bf8-93ff-68f351a3c047,pmp-people,SINGLE_CHOICE,DRAFT,,,"A project manager is assigned to a critical IT infrastructure project during initiation phase when the team discovers significant compatibility issues between the vendor's proprietary system and the organization's legacy infrastructure. This incompatibility could require substantial architectural changes, potentially affecting project scope, timeline, and budget. The vendor claims their system meets industry standards, while the organization's technical team insists their infrastructure cannot be modified. Stakeholders are pressuring for quick resolution to avoid project delays. What should the project manager do first?",,,A,,Conduct comprehensive technical impact analysis of all resolution options.,,,TRUE,B,,Escalate immediately to senior leadership for executive decision-making.,,,FALSE,C,,Review lessons learned database for similar compatibility challenges.,,,FALSE,D,,Engage independent technical experts to validate compatibility claims.,,,FALSE,,,,,,,,,,,,,,,,,,,,,,,,,,,,,,,,,,,,,,,,,,,,,,,,,,,,,,,,,,,,,,,,,,,,,,,,,,,,,,,,,,,,,,,,,,,,,,,,
9dc19046-a386-4392-a5a1-0952ba811821,pmp-people,SINGLE_CHOICE,DRAFT,,,A project manager is assigned to an ongoing project with virtual team members from different countries who are working remotely in different time zones. The project manager notices that team members are not completing project activities on time and are unable to produce the expected deliverables due to irregular communications. How should the project manager resolve this?,,,A,,Provide the team with the deliverable list to guide them.,,,FALSE,B,,Engage with the team members to understand their challenges.,,,TRUE,C,,Organize time management training for the team.,,,FALSE,D,,Take steps to allocate the team in the same office.,,,FALSE,,,,,,,,,,,,,,,,,,,,,,,,,,,,,,,,,,,,,,,,,,,,,,,,,,,,,,,,,,,,,,,,,,,,,,,,,,,,,,,,,,,,,,,,,,,,,,,,
988093bc-fe1a-402b-8ffc-e5feb30df301,pmp-people,SINGLE_CHOICE,DRAFT,,,An agile project team is building a website for a client with a planned six-month timeline. The client informs the product owner that their company has secured a major partnership opportunity requiring the website launch one month ahead of schedule to capture significant market advantage. The current backlog contains 40% high-priority features and 60% nice-to-have enhancements. What should the project manager do to address this accelerated timeline?,,,A,,Collaborate with the product owner to reprioritize the backlog and focus on minimum viable features.,,,TRUE,B,,Negotiate with the client for additional resources and budget to maintain original scope within timeline.,,,FALSE,C,,Conduct stakeholder workshops to reassess feature priorities and identify scope reduction opportunities.,,,FALSE,D,,Implement sprint compression techniques and increase team velocity to deliver full scope early.,,,FALSE,,,,,,,,,,,,,,,,,,,,,,,,,,,,,,,,,,,,,,,,,,,,,,,,,,,,,,,,,,,,,,,,,,,,,,,,,,,,,,,,,,,,,,,,,,,,,,,,
b5b5bc02-90f0-4a32-a99d-d63b244691ac,pmp-people,SINGLE_CHOICE,DRAFT,,,"A large architectural firm is implementing an adaptive approach for its latest construction project. The project’s technical solution may be subject to significant volatility. Halfway through the project, major environmental changes demand significant revisions to the project’s requirements. What should the project manager do?",,,A,,Request the product owner's involvement to keep the project aligned with business objectives.,,,TRUE,B,,Reduce uncertainty by delivering the product in smaller sequential increments that allow for better control.,,,FALSE,C,,Revise the project charter to incorporate the additional requirements and provide a new set of guiding structures.,,,FALSE,D,,Review all remaining and unfulfilled objectives to identify the ones that are outdated.,,,FALSE,,,,,,,,,,,,,,,,,,,,,,,,,,,,,,,,,,,,,,,,,,,,,,,,,,,,,,,,,,,,,,,,,,,,,,,,,,,,,,,,,,,,,,,,,,,,,,,,
bf4bc4d9-963e-4d75-8d33-535133f073b1,pmp-people,SINGLE_CHOICE,DRAFT,,,"During initiation of a project to develop a new HR system, the project manager is mapping stakeholders using a power/interest grid. The HR director is the customer and is highly engaged, but the IT security officer is the sponsor and has shown limited day‑to‑day availability so far. The project manager needs to engage the IT security officer based on the current level of power and interest. What should the project manager do?",,,A,,"Keep the officer satisfied through focused, periodic engagement.",,,TRUE,B,,"Manage the officer closely with frequent, intensive involvement.",,,FALSE,C,,Keep the officer informed with periodic project status summaries.,,,FALSE,D,,Monitor the officer with minimal effort until they show further interest.,,,FALSE,,,,,,,,,,,,,,,,,,,,,,,,,,,,,,,,,,,,,,,,,,,,,,,,,,,,,,,,,,,,,,,,,,,,,,,,,,,,,,,,,,,,,,,,,,,,,,,,
eb09e4b7-2e4d-4302-bec5-4795a5868147,pmp-people,SINGLE_CHOICE,DRAFT,,,A construction company is building a new office complex. The project sponsor expects the building to be completed with a limited budget and is willing to compromise on certain features to achieve cost savings. The facilities department head expects the building to include high-quality materials and advanced facilities to ensure long-term sustainability and ease of maintenance. The project manager must align stakeholder expectations. What should the project manager do?,,,A,,Conduct an impact analysis to see how each stakeholder’s approach affects the budget and schedule.,,,FALSE,B,,Involve both stakeholders in the decision-making process for each component of the project.,,,FALSE,C,,Facilitate a meeting between the stakeholders to explore alternative solutions that satisfy both parties.,,,TRUE,D,,Prioritize each stakeholder's interests based on the amount of influence each stakeholder has.,,,FALSE,,,,,,,,,,,,,,,,,,,,,,,,,,,,,,,,,,,,,,,,,,,,,,,,,,,,,,,,,,,,,,,,,,,,,,,,,,,,,,,,,,,,,,,,,,,,,,,,
b1da3784-4d0b-4b92-b744-eba21b8860a1,pmp-people,SINGLE_CHOICE,DRAFT,,,"The project manager of a software development project for a financial institution realizes that team members are unusually delayed on their assigned tasks. The project manager has not experienced this before on earlier projects. After further investigation, the project manager determined that the delays were linked to the recent resignation of an experienced team member. What should the project manager have done to avoid this situation?",,,A,,Ensured there was a well-defined path to promotion.,,,FALSE,B,,Provided continuous guidance to project team members.,,,FALSE,C,,Identified competency risks and developed a mitigation plan.,,,TRUE,D,,Scheduled periodic training for all project team members.,,,FALSE,,,,,,,,,,,,,,,,,,,,,,,,,,,,,,,,,,,,,,,,,,,,,,,,,,,,,,,,,,,,,,,,,,,,,,,,,,,,,,,,,,,,,,,,,,,,,,,,
f5ece87f-eefd-4b42-890e-ce8dea617375,pmp-people,SINGLE_CHOICE,DRAFT,,,"A construction company is executing a major infrastructure project that requires close collaboration with government agencies, local communities, and environmental groups. Necessary approvals and permits have been delayed, threatening project timelines. The sponsor confirms that the agencies are not backlogged and asks the project manager to address the situation. What should the project manager do?",,,A,,Facilitate structured engagement sessions with the government agencies to identify concerns and rebuild collaboration.,,,TRUE,B,,Ask senior management to approach government leaders informally to determine the reasons behind delayed approvals.,,,FALSE,C,,Reallocate additional stakeholder engagement resources to government agencies to increase communication and visibility.,,,FALSE,D,,Lead an impact analysis and process a formal schedule change request through integrated change control.,,,FALSE,,,,,,,,,,,,,,,,,,,,,,,,,,,,,,,,,,,,,,,,,,,,,,,,,,,,,,,,,,,,,,,,,,,,,,,,,,,,,,,,,,,,,,,,,,,,,,,,
b5624935-3a15-4b68-aa4e-a60f7bc654b3,pmp-people,SINGLE_CHOICE,DRAFT,,,"A project manager is working on a new healthcare management application with strict regulatory compliance requirements. A key team member who developed critical security modules is leaving the organization, and a new team member is taking over their responsibilities. The new team member discovers that several security components were marked as complete and signed-off, but lack proper documentation and cannot be validated against compliance standards. How should the project manager address this knowledge gap and compliance risk?",,,A,,Accept previous sign-offs as valid and continue development while documenting compliance gaps.,,,FALSE,B,,Conduct comprehensive technical review with new team member to identify gaps before proceeding.,,,FALSE,C,,Prioritize immediate knowledge transfer sessions between outgoing and incoming team members.,,,TRUE,D,,Halt development on affected modules until proper documentation and compliance validation are complete.,,,FALSE,,,,,,,,,,,,,,,,,,,,,,,,,,,,,,,,,,,,,,,,,,,,,,,,,,,,,,,,,,,,,,,,,,,,,,,,,,,,,,,,,,,,,,,,,,,,,,,,
417386d9-2770-4e3c-8d79-e0a1f2f2235d,pmp-people,SINGLE_CHOICE,DRAFT,,,"During a high-visibility project, a key stakeholder strongly resists alignment with the project vision and creates significant pressure on the delivery team. The project manager anticipates that the same key stakeholder might hold unrealistic expectations again. The project manager needs to reduce resistance and align perspectives proactively to ensure the project vision is shared by all stakeholders. What should the project manager do in this scenario?",,,A,,"Conduct an in-depth private session to explain the project plan, benefits, and strategic rationale.",,,FALSE,B,,"Provide a customized stakeholder workshop to reinforce project objectives, value delivery, and shared accountability.",,,FALSE,C,,Facilitate structured lessons learned discussions focused on past conflicts to prevent repeated negative behaviors.,,,FALSE,D,,Engage the stakeholder early in collaborative decision-making to build ownership and commitment.,,,TRUE,,,,,,,,,,,,,,,,,,,,,,,,,,,,,,,,,,,,,,,,,,,,,,,,,,,,,,,,,,,,,,,,,,,,,,,,,,,,,,,,,,,,,,,,,,,,,,,,
12561ceb-4a28-4a2c-9fdf-57c0871e355f,pmp-people,SINGLE_CHOICE,DRAFT,,,"A project team is preparing to roll out a new enterprise software across multiple departments. The project manager arranged for all team members to complete a standard video-based training module before the pilot phase. Despite full attendance, several team members report confusion and errors during the first deployment attempt. The project manager is concerned about delays and quality issues if this continues. What should the project manager have done earlier to ensure that training was effective?",,,A,,Follow up the training with practical exercises and measured performance results.,,,TRUE,B,,Request department managers to verify that all employees completed the training.,,,FALSE,C,,Provide each team member with access to the software user manual and FAQ documents.,,,FALSE,D,,"Ask the sponsor to invest in a longer, instructor-led training course instead of videos.",,,FALSE,,,,,,,,,,,,,,,,,,,,,,,,,,,,,,,,,,,,,,,,,,,,,,,,,,,,,,,,,,,,,,,,,,,,,,,,,,,,,,,,,,,,,,,,,,,,,,,,
37196c3b-f91c-41f3-8d6b-f9bcc6165cef,pmp-people,SINGLE_CHOICE,DRAFT,,,"As a project is nearing completion, a struggle between the product owner and the project sponsor regarding who owns the benefits derived from the deliverable becomes a matter of litigation. What should the project manager have done to prevent this conflict from occurring?",,,A,,Recognized the project sponsor as a stakeholder during the project’s initiation phase.,,,FALSE,B,,Developed and approved the business case with the product owner and the project sponsor.,,,TRUE,C,,Identified and captured any potential issues in the issue log and monitored them frequently.,,,FALSE,D,,Created a detailed work breakdown structure (WBS) and implemented systematic tracking.,,,FALSE,,,,,,,,,,,,,,,,,,,,,,,,,,,,,,,,,,,,,,,,,,,,,,,,,,,,,,,,,,,,,,,,,,,,,,,,,,,,,,,,,,,,,,,,,,,,,,,,
069d08c6-e05b-4cd4-b4d1-43c49a9c274b,pmp-people,SINGLE_CHOICE,DRAFT,,,"A project manager is assigned to lead a global project spanning multiple countries and cultures. Early in execution, the project manager observes that team members from one region are reluctant to share insights or communicate openly with colleagues from other regions. The sponsor emphasizes that collaboration and knowledge-sharing are critical to project success. What should the project manager do to establish trust across the teams?",,,A,,Encourage structured one-on-one interactions between stakeholders and team members to build stronger relationships.,,,FALSE,B,,Offer specialized language classes in the primary language of each country to improve team communication.,,,FALSE,C,,Provide cultural awareness training to improve understanding of diverse cultural practices among team members.,,,TRUE,D,,Assign project responsibilities and deliverables according to cultural preferences and expectations to reduce friction.,,,FALSE,,,,,,,,,,,,,,,,,,,,,,,,,,,,,,,,,,,,,,,,,,,,,,,,,,,,,,,,,,,,,,,,,,,,,,,,,,,,,,,,,,,,,,,,,,,,,,,,
9b9c5598-818b-4866-b53e-23e0ef9cbd77,pmp-people,SINGLE_CHOICE,DRAFT,,,"After the project kick-off meeting, a critical resource approaches the project manager to share concerns about their ability to complete assigned tasks due to competing priorities from another high-visibility project. The resource’s role is essential for meeting near-term milestones, and delays could impact the critical path. What should the project manager do?",,,A,,"Meet with the resource and team to assess workload, adjust priorities, and agree on a feasible plan.",,,TRUE,B,,Document the availability issue in the risk register and define appropriate mitigation actions.,,,FALSE,C,,Engage the sponsor to help resolve the resource conflict with higher-level management.,,,FALSE,D,,Revise the project management plan to reflect possible schedule impacts from reduced availability.,,,FALSE,,,,,,,,,,,,,,,,,,,,,,,,,,,,,,,,,,,,,,,,,,,,,,,,,,,,,,,,,,,,,,,,,,,,,,,,,,,,,,,,,,,,,,,,,,,,,,,,
c05d6f27-1deb-4148-addd-59f589f20825,pmp-people,SINGLE_CHOICE,DRAFT,,,"At project closure, the project manager observes that high team turnover has caused significant loss of knowledge and reduced continuity across initiatives. The sponsor is preparing to launch a new strategic project with newly assigned members and emphasizes that future projects must avoid repeated mistakes and inefficiencies. The sponsor also warns that no additional time has been allocated for extended training or onboarding activities. What should the project manager do?",,,A,,Provide structured and secure access to collaborative software to facilitate standardized sharing among teams.,,,FALSE,B,,Establish a lessons learned register and integrate captured insights into organizational process assets (OPAs) for future reuse.,,,TRUE,C,,Invite team members to record themselves discussing issues as they occur and to share the recordings at project completion.,,,FALSE,D,,Make documentary training videos of team members performing tasks for later reference in future projects.,,,FALSE,,,,,,,,,,,,,,,,,,,,,,,,,,,,,,,,,,,,,,,,,,,,,,,,,,,,,,,,,,,,,,,,,,,,,,,,,,,,,,,,,,,,,,,,,,,,,,,,
